-- MySQL dump 10.13  Distrib 8.0.13, for macos10.14 (x86_64)
--
-- Host: localhost    Database: disney_movies
-- ------------------------------------------------------
-- Server version	8.0.13

/*!40101 SET @OLD_CHARACTER_SET_CLIENT=@@CHARACTER_SET_CLIENT */;
/*!40101 SET @OLD_CHARACTER_SET_RESULTS=@@CHARACTER_SET_RESULTS */;
/*!40101 SET @OLD_COLLATION_CONNECTION=@@COLLATION_CONNECTION */;
 SET NAMES utf8mb4 ;
/*!40103 SET @OLD_TIME_ZONE=@@TIME_ZONE */;
/*!40103 SET TIME_ZONE='+00:00' */;
/*!40014 SET @OLD_UNIQUE_CHECKS=@@UNIQUE_CHECKS, UNIQUE_CHECKS=0 */;
/*!40014 SET @OLD_FOREIGN_KEY_CHECKS=@@FOREIGN_KEY_CHECKS, FOREIGN_KEY_CHECKS=0 */;
/*!40101 SET @OLD_SQL_MODE=@@SQL_MODE, SQL_MODE='NO_AUTO_VALUE_ON_ZERO' */;
/*!40111 SET @OLD_SQL_NOTES=@@SQL_NOTES, SQL_NOTES=0 */;

--
-- Table structure for table `actor`
--

DROP TABLE IF EXISTS `actor`;
/*!40101 SET @saved_cs_client     = @@character_set_client */;
 SET character_set_client = utf8mb4 ;
CREATE TABLE `actor` (
  `actor_id` int(11) NOT NULL AUTO_INCREMENT,
  `actor_name` varchar(100) NOT NULL,
  PRIMARY KEY (`actor_id`),
  UNIQUE KEY `actor_id` (`actor_id`),
  UNIQUE KEY `actor_name` (`actor_name`)
) ENGINE=InnoDB AUTO_INCREMENT=1024 DEFAULT CHARSET=utf8mb4 COLLATE=utf8mb4_0900_ai_ci;
/*!40101 SET character_set_client = @saved_cs_client */;

--
-- Dumping data for table `actor`
--

LOCK TABLES `actor` WRITE;
/*!40000 ALTER TABLE `actor` DISABLE KEYS */;
INSERT INTO `actor` VALUES (1,'Adam Carolla'),(2,'Adam Ryen'),(3,'Adam West'),(4,'Adele Malis-Morey'),(5,'Adriana Caselotti'),(6,'Alan Napier'),(7,'Alan Tudyk'),(8,'Alan Young'),(9,'Alan Young; Alan Young'),(10,'Alex D. Linz'),(11,'Alex Murphey'),(12,'Alexander Gould'),(13,'Alfre Woodard'),(14,'Alvin Epstein'),(15,'Alyce Ardell'),(16,'Alyssa Milano'),(17,'Amanda Plummer'),(18,'America Ferrera'),(19,'Amy Adams'),(20,'Amy Hill'),(21,'Amy Sedaris'),(22,'Andrea Martin'),(23,'Andrew Lawrence'),(24,'Andrew McDonough'),(25,'Andy Devine'),(26,'Andy Dick'),(27,'Angela Bassett'),(28,'Angela Lansbury'),(29,'Anika Noni Rose'),(30,'Anjelica Huston'),(31,'Anthony Ghannam'),(32,'April Winchell'),(33,'Ariel Winter'),(34,'Arthur Malet'),(35,'Auli\'i Cravalho'),(36,'Aurian Redson'),(37,'B.D. Wong'),(38,'Barbara Barrie'),(39,'Barbara Beaird'),(40,'Barbara Dirikson'),(41,'Barbara Jo Allen'),(42,'Barbara Luddy'),(43,'Barnett Parker'),(44,'Barrie Ingham'),(45,'Bebe Neuwirth'),(46,'Ben Wright'),(47,'Bernadette Peters'),(48,'Bernard Fox'),(49,'Bette Midler'),(50,'Betty Lou Gerson'),(51,'Bill Baucom'),(52,'Bill Fagerbakke'),(53,'Bill Shirley'),(54,'Bill Thompson'),(55,'Billie Hayes'),(56,'Billy Bletcher'),(57,'Billy Bletcher; Jim Cummings'),(58,'Billy Connolly'),(59,'Billy Gilbert'),(60,'Billy Joel'),(61,'Billy Whittaker'),(62,'Bob Bergen'),(63,'Bob Newheart'),(64,'Bobby Driscoll'),(65,'Bobcat Goldthwait; Matt Frewer'),(66,'Bonnie Hunt'),(67,'Brad Garrett'),(68,'Bradley Michael Pierce'),(69,'Brian Bedford'),(70,'Brian Blessed'),(71,'Brian Cummings'),(72,'Brian Murray'),(73,'Brian Pimental'),(74,'Bronson Pinchot'),(75,'Bruce Reitherman'),(76,'Bruno Campos'),(77,'Buddy Hackett'),(78,'Byron Howard'),(79,'Cammie King; Ann Gillis'),(80,'Campbell Grant'),(81,'Candy Candido'),(82,'Carl Weintraub'),(83,'Carla Meyer'),(84,'Carole Cook'),(85,'Carole Shelley'),(86,'Cate Bauer'),(87,'Catherine O\'Hara'),(88,'Cathy Moriarty'),(89,'Chad Stuart'),(90,'Charles Dennis'),(91,'Charles Fleischer'),(92,'Charles Haid'),(93,'Charles Judels'),(94,'Charles Kimbrough'),(95,'Charles Lane'),(96,'Charlie Adler'),(97,'Charlie Callas'),(98,'Charlie Dell'),(99,'Chazz Palminteri'),(100,'Cheech Marin'),(101,'Cheryl Freeman'),(102,'Chloë Grace Moretz'),(103,'Chris Sanders'),(104,'Chris Williams'),(105,'Christian Bale'),(106,'Christian Rub'),(107,'Christina Hendricks'),(108,'Christine Cavanaugh'),(109,'Christopher Daniel Barnes'),(110,'Christopher Lloyd'),(111,'Chuck McCann'),(112,'Clarence Nash'),(113,'Clarence Nash; Gloria Blondell'),(114,'Clarence Nash; Russi Taylor'),(115,'Clarence Nash; Tony Anselmo'),(116,'Claud Allister'),(117,'Claudia Christian'),(118,'Cliff Edwards'),(119,'Cliff Edwards; Eddie Carroll'),(120,'Clint Howard'),(121,'Colin Campbell'),(122,'Corey Burton'),(123,'Corey Feldman; Kurt Russell'),(124,'Cree Summer'),(125,'Cuba Gooding Jr.'),(126,'Cymbre Walk'),(127,'D. B. Sweeney'),(128,'Dal McKennon'),(129,'Dan Castellaneta'),(130,'Dan Molina'),(131,'Dana Hill'),(132,'Dana Hill; Jason Marsden'),(133,'Dana Laurita'),(134,'Dane A. Davis'),(135,'Daniel Henney'),(136,'Danny DeVito'),(137,'Danny Mann'),(138,'Darcy Rose Byrnes'),(139,'Darleen Carr'),(140,'Dave Goelz'),(141,'Daveigh Chase'),(142,'David Frankham'),(143,'David Hyde Pierce'),(144,'David Lander'),(145,'David Ogden Stiers'),(146,'David Spade'),(147,'Dean Clark'),(148,'Debi Derryberry'),(149,'Della Reese'),(150,'Demi Moore'),(151,'Dennis Day'),(152,'Dennis Haysbert'),(153,'Dessie Flynn; Corey Burton'),(154,'Diana Chesney'),(155,'Dickie Jones'),(156,'Diedrich Bader'),(157,'Digby Wolfe'),(158,'Dink Trout'),(159,'Dom DeLuise'),(160,'Don Barclay'),(161,'Don Knotts'),(162,'Don Lake'),(163,'Don Novello'),(164,'Donna Murphy'),(165,'Donnie Dunagan'),(166,'Dori Whittaker'),(167,'Doris Lloyd'),(168,'Dorothy Compton'),(169,'Dorothy Scott'),(170,'Douglas Seale'),(171,'Dub Taylor'),(172,'Dwayne Johnson'),(173,'Eartha Kitt'),(174,'Ed Gilbert'),(175,'Ed O\'Neill'),(176,'Ed Wynn'),(177,'Eda Reiss Merin'),(178,'Eddie Collins'),(179,'Eddie Holden'),(180,'Eddie Murphy'),(181,'Edie McClurg'),(182,'Edward Brophy'),(183,'Eleanor Audley'),(184,'Eleanor Audley; Susanne Blakeslee'),(185,'Eli Russell Linnetz'),(186,'Emeril Lagasse'),(187,'Emma Thompson'),(188,'Eric Blore'),(189,'Ernie Sabella'),(190,'Estelle Harris'),(191,'Ethan Sandler'),(192,'Eva Gabor'),(193,'Eve Brenner'),(194,'Evelyn Venable'),(195,'Florence Gill'),(196,'Florence Stanley'),(197,'Frank Welker'),(198,'Frank Welker; John O\'Hurley'),(199,'Frankie Darro'),(200,'Fred Newman'),(201,'Fred Shields'),(202,'Fred Willard'),(203,'Freda Foh Shen'),(204,'Freddie Jones'),(205,'Frederick Worlock; J. Pat O\'Malley'),(206,'G.W. Bailey'),(207,'Garrett John Hedlund'),(208,'Garry Marshall'),(209,'Gary Dubin'),(210,'Gedde Watanabe'),(211,'George C. Scott'),(212,'George Lindsey'),(213,'George Sanders'),(214,'George Takei'),(215,'Geraldine Page'),(216,'Gilbert Gottfried'),(217,'Ginnifer Goodwin'),(218,'Glenn Close'),(219,'Gordon Tootoosis'),(220,'Grant Bardsley'),(221,'Greg Germann'),(222,'Grey DeLisle'),(223,'Grey DeLisle; Mona Marshall'),(224,'Hal Holbrook'),(225,'Hal Smith'),(226,'Haley Joel Osment'),(227,'Hamilton Camp'),(228,'Hans Conried'),(229,'Hardie Albright'),(230,'Harland Williams'),(231,'Harriet Owen'),(232,'Harry Stockwell'),(233,'Harvey Fierstein'),(234,'Hayden Panettiere'),(235,'Heather Angel'),(236,'Helena Bonham Carter'),(237,'Herman Bing'),(238,'Hermione Baddeley'),(239,'Holland Taylor'),(240,'Horatio Sanz'),(241,'Howard Morris; Michael Gough'),(242,'Hugo Weaving'),(243,'Idina Menzel'),(244,'Idris Elba'),(245,'Ilene Woods'),(246,'Irene Bedard; Judy Kuhn'),(247,'J. Pat O\'Malley'),(248,'J.K. Simmons'),(249,'Jack Albertson'),(250,'Jack Angel'),(251,'Jack McBrayer'),(252,'Jacqueline Obradors'),(253,'James Apaumut Fall'),(254,'James Avery'),(255,'James Baskett'),(256,'James Earl Jones'),(257,'James Gammon'),(258,'James Garner'),(259,'James Hong'),(260,'James Lipton'),(261,'James MacDonald'),(262,'James Marsden'),(263,'James Shigeta'),(264,'James Woods'),(265,'Jamie Elman'),(266,'Jane Horrocks'),(267,'Jane Lynch'),(268,'Jared Bush'),(269,'Jason Alexander'),(270,'Jason Bateman'),(271,'Jason Marin'),(272,'Jason Marsden'),(273,'Jason Raize'),(274,'Jason Scott Lee'),(275,'Jeanette Nolan'),(276,'Jeff Bennett'),(277,'Jeff Bennett; Kevin Lima'),(278,'Jeff Foxworthy'),(279,'Jeff Pidgeon'),(280,'Jeffrey Silver'),(281,'Jemaine Clement'),(282,'Jenifer Lewis'),(283,'Jennifer Cody'),(284,'Jennifer Darling'),(285,'Jennifer Love Hewitt'),(286,'Jennifer Tilly'),(287,'Jenny Slate'),(288,'Jeremy Irons'),(289,'Jeremy Suarez'),(290,'Jerry Colonna'),(291,'Jerry Kernion'),(292,'Jerry Orbach'),(293,'Jerry Stiller'),(294,'Jerry Tondo'),(295,'Jess Harnell'),(296,'Jesse Corti'),(297,'Jesse McCartney'),(298,'Jessica Di Cicco'),(299,'Jim Cummings'),(300,'Jim Jordan'),(301,'Jim Varney'),(302,'Jimmy MacDonald'),(303,'Jimmy MacDonald; Corey Burton'),(304,'Jimmy MacDonald; Frank Welker'),(305,'Jimmy MacDonald; Jim Cummings'),(306,'Jimmy MacDonald; Rob Paulsen'),(307,'Jo Anne Worley'),(308,'Joan Copeland'),(309,'Joan Cusack'),(310,'Joan Gerber'),(311,'Joan Plowright'),(312,'Joaquin Garay; Carlos Alazraqui'),(313,'Joaquin Phoenix'),(314,'Jodi Benson'),(315,'Joe Flaherty'),(316,'Joe Flynn'),(317,'Joe Lo Truglio'),(318,'Joe Mateo'),(319,'Joey Lawrence'),(320,'John Abbott'),(321,'John Byner'),(322,'John C. Reilly'),(323,'John Candy'),(324,'John DiMaggio'),(325,'John Fiedler'),(326,'John Goodman'),(327,'John Hurt'),(328,'John Kassir'),(329,'John Lithgow'),(330,'John Mahoney'),(331,'John McIntire'),(332,'John Rhys-Davies'),(333,'John Travolta'),(334,'Johnny Lee'),(335,'Jonathan Brandis'),(336,'Jonathan Freeman'),(337,'Jonathan Groff'),(338,'Jonathan Taylor Thomas'),(339,'Jordan Fry'),(344,'José Oliveira; Rob Paulsen'),(340,'Joseph Gordon-Levitt'),(341,'Joseph Kearns'),(342,'Josh Gad'),(343,'Josie Trinidad'),(345,'Judi Dench'),(346,'Julianna Margulies'),(347,'Julie Kavner'),(348,'June Foray'),(349,'Junius Matthews'),(350,'Justin Berfield'),(351,'Kari Wahlgren'),(352,'Karl Swenson'),(353,'Karla DeVito'),(354,'Kath Soucie'),(355,'Kathleen Turner'),(356,'Kathleen Wilhoite'),(357,'Kathryn Beaumont'),(358,'Kathy Najimy'),(359,'Katie Leigh'),(360,'Katie Lowes'),(361,'Keith Coogan; Mickey Rooney'),(362,'Keith David'),(363,'Kellie Martin'),(364,'Kellyann Kelso'),(365,'Ken Curtis'),(366,'Kenneth Mars'),(367,'Kevin Kline'),(368,'Kevin McDonald'),(369,'Kevin Michael Richardson'),(370,'Kimmy Robertson'),(371,'Kristen Bell'),(372,'Kristin Chenoweth'),(373,'Kyle Stanger'),(375,'Lacey Chabert; Jennifer Lien'),(374,'LaChanze'),(376,'Lance Henriksen'),(377,'Lance LeGault'),(378,'Larry Clemmons'),(379,'Larry Grey'),(380,'Larry Roberts'),(381,'Lauren Mote'),(382,'Laurie Metcalf'),(383,'Lee Millar'),(384,'Lennie Weinrib'),(385,'Leo De Lyon'),(386,'Leonard Nimoy'),(387,'Lillias White'),(388,'Linda Hunt'),(389,'Linda Larkin; Lea Salonga'),(390,'Lisa Davis'),(391,'Liz English'),(392,'Lord Tim Hudson'),(393,'Lorelei Hill Butters'),(394,'Lou Hirsch'),(395,'Louis Prima'),(396,'Lucille Bliss'),(397,'Lucille La Verne'),(398,'Lucy Hale'),(399,'Lucy Liu'),(400,'Luis Van Rooten'),(401,'Luis Van Rooten; Rob Paulsen'),(402,'Madge Sinclair'),(403,'Mae Whitman'),(404,'Malcolm McDowell'),(405,'Mandy Moore'),(406,'Marcellite Garner'),(407,'Margaret Lee'),(408,'Margaret Wright'),(409,'Marjorie Bennett'),(410,'Mark Dindal'),(411,'Mark Walton'),(412,'Marshall Efron'),(413,'Martha Wentworth'),(414,'Martin Short'),(415,'Mary Costa'),(416,'Mary Gibbs'),(417,'Mary Kay Bergman'),(418,'Mary Lansing'),(419,'Mary Moder'),(420,'Mary Wickes'),(421,'Matthew Broderick'),(422,'Matthew Josten'),(423,'Maurice LaMarche'),(424,'Max Casella'),(425,'Megan Mullally'),(426,'Mel Blanc'),(427,'Mel Gibson'),(428,'Melissa Manchester'),(429,'Michael Bell'),(430,'Michael Clarke Duncan'),(431,'Michael Colyar'),(432,'Michael J. Fox'),(433,'Michael McKean'),(434,'Michael Wincott'),(435,'Michael-Leon Wooley'),(436,'Micheal McShane'),(437,'Michelle Horn; Neve Campbell'),(438,'Michelle St. John'),(439,'Michelle Stacy'),(440,'Mickey Maga'),(441,'Mickey Rooney'),(442,'Miguel Ferrer'),(443,'Miley Cyrus'),(444,'Milt Kahl'),(445,'Mimi Gibson'),(446,'Mindy Kaling'),(447,'Ming-Na Wen; Lea Salonga'),(448,'Minnie Driver'),(449,'Miranda Paige Walls; Liliana Mumy'),(450,'Miriam Margoyles'),(451,'Moira Kelly; Niketa Calame'),(452,'Monica Evans'),(453,'Moroni Olsen'),(454,'Nancy Cartwright'),(455,'Nancy Kulp'),(456,'Natalie Gregory'),(457,'Nate Torrence'),(458,'Nathan Greno'),(459,'Nathan Lane'),(460,'Ned Norton'),(461,'Nick Stewart'),(462,'Nick Swardson'),(463,'Nicole Sullivan'),(464,'Nigel Hawthorne'),(465,'None'),(466,'Noreen Gammill'),(467,'Norman Alden'),(468,'Octavia Spencer'),(469,'Oliver Wallace'),(470,'Oprah Winfrey'),(471,'Ossie Davis'),(472,'Otis Harlan'),(473,'Paddi Edwards'),(474,'Paige O\'Hara'),(475,'Pamela Adlon'),(476,'Pat Buttram'),(477,'Pat Carroll'),(478,'Pat Carroll; Jodi Benson'),(479,'Pat Morita'),(480,'Patrick McGoohan'),(481,'Patrick Stewart'),(482,'Patrick Swayze'),(483,'Patrick Warburton'),(484,'Paul Briggs'),(485,'Paul Collins'),(486,'Paul Frees'),(487,'Paul Kandel'),(488,'Paul Reubens'),(489,'Paul Shaffer'),(490,'Paul Winchell'),(491,'Paula Winslowe; Carolyn Hennesy'),(492,'Pauly Shore'),(493,'Pearl Bailey'),(494,'Peggy Lee'),(495,'Peter Bartlett'),(496,'Peter Behn; Sam Edwards'),(497,'Peter Cullen'),(498,'Peter Firth'),(499,'Peter Renaday'),(500,'Peter Siragusa'),(501,'Peter Ustinov'),(502,'Phil Fondacaro'),(503,'Phil Harris'),(504,'Phil Morris'),(505,'Pinto Colvig'),(506,'Pinto Colvig; Bill Farmer'),(507,'Queenie Leonard'),(508,'R. J. Williams; Alan Roberts'),(509,'Rachel House'),(510,'Ralph Wright'),(511,'Randy Newman'),(512,'Randy Quaid'),(513,'Randy Savage'),(514,'Raven-Symoné'),(515,'Raymond S. Persi'),(516,'Reba McEntire'),(517,'Rene Auberjonois'),(518,'Rex Everhart'),(519,'Rhoda Williams; Russi Taylor'),(520,'Rich Moore'),(521,'Richard Bakalyan'),(522,'Richard Haydn'),(523,'Richard Libertini'),(524,'Richard Mulligan'),(525,'Richard Reitherman'),(526,'Richard Riehle'),(527,'Richard White'),(528,'Richie Sanders'),(529,'Rick Moranis; Dave Thomas'),(530,'Rickie Sorensen'),(531,'Rip Torn'),(532,'Rob Paulsen'),(533,'Rob Paulsen; Jim Cummings'),(534,'Robby Benson'),(535,'Robert Ellis'),(536,'Robert Guillaume'),(537,'Robert Holt'),(538,'Robert Loggia'),(539,'Robert Reitherman'),(540,'Robert Ridgely'),(541,'Robin Williams'),(542,'Rod Roddy'),(543,'Rod Taylor'),(544,'Roddy Maude-Roxby'),(545,'Roger Miller'),(546,'Roger Rees'),(547,'Ron Feinberg'),(548,'Ron Perlman'),(549,'Ronn Moss'),(550,'Roscoe Lee Browne'),(551,'Roseanne Barr'),(552,'Rosie O\'Donnell'),(553,'Rowan Atkinson'),(554,'Roy Atwell'),(555,'Roz Ryan'),(556,'Russell Means'),(557,'Russi Taylor'),(558,'Ryan O\'Donohue; Jason Marsden'),(559,'S. Scott Bullock'),(560,'Samantha Eggar'),(561,'Samuel E. Wright'),(562,'Sandra Abbott'),(563,'Sandy Duncan'),(564,'Santino Fontana'),(565,'Sara Ramirez'),(566,'Sarah Selby'),(567,'Sarah Silverman'),(568,'Scatman Crothers'),(569,'Scott Weinger; Brad Kane'),(570,'Scott Wolf'),(571,'Scotty Mattraw'),(572,'Sean Elmore'),(573,'Sebastian Cabot'),(574,'Shakira'),(575,'Shani Wallis'),(576,'Sherry Lynn'),(577,'Sheryl Lee Ralph'),(578,'Soon-Tek Oh'),(579,'Stan Alexander; Sterling Holloway'),(580,'Stan Freberg'),(581,'Stephen Furst'),(582,'Stephen J. Anderson'),(583,'Sterling Holloway'),(584,'Sterling Holloway; Jim Cummings'),(585,'Steve Buscemi'),(586,'Steve Zahn'),(587,'Stuart Buchanan'),(588,'Stuffy Singer'),(589,'Susan Egan'),(590,'Susan Sarandon'),(591,'Susan Sheridan'),(592,'Susan Tolsky'),(593,'Susanne Pollatschek'),(594,'Susie Essman'),(595,'Suzanne Pleshette'),(596,'Tara Strong'),(597,'Tate Donovan; Joshua Keaton'),(598,'Taurean Blacque'),(599,'Taylor Holmes'),(600,'Temuera Morrison'),(601,'Terry McGovern'),(602,'Terry McGovern; Frank Welker'),(603,'Terry-Thomas'),(604,'Tevin Campbell'),(605,'Thelma Boardman'),(606,'Thurl Ravenscroft'),(607,'Tia Carrere'),(608,'Tim Curry'),(609,'Tim Gunn'),(610,'Timothy Spall'),(611,'Tino Insana'),(612,'Tom Hulce'),(613,'Tom Kenny'),(614,'Tom Selleck'),(615,'Tommy \"Tiny\" Lister Jr.'),(616,'Tommy Chong'),(617,'Tommy Luske'),(618,'Tony Goldwyn'),(619,'Tony Jay'),(620,'Townsend Coleman; Brian Cummings'),(621,'Tracey Miller-Zarneke'),(622,'Travis Willingham'),(623,'Tress MacNeille'),(624,'Tristan Rogers'),(625,'Unknown'),(626,'Val Bettin'),(627,'Vanéese Y. Thomas'),(628,'Verna Felton'),(629,'Verna Felton; Russi Taylor'),(630,'Vicki Lawrence'),(631,'Vicki Lewis'),(632,'Vincent Price'),(633,'Ving Rhames'),(634,'Vito Scotti'),(635,'Wallace Shawn'),(636,'Walt Disney'),(637,'Walt Disney; Bill Farmer'),(638,'Walt Disney; Marcellite Garner'),(639,'Walter Catlett'),(640,'Wanda Sykes'),(641,'Wayne Brady'),(642,'Wayne Knight'),(643,'Wayne Robson'),(644,'Wendie Malick'),(645,'Wesley Singerman'),(646,'Whoopi Goldberg'),(647,'Will Ryan'),(648,'Will Wright'),(649,'William Glover'),(650,'William Phipps'),(651,'Zach Braff'),(652,'Zach Callison'),(653,'Zachary Levi'),(654,'Zoe Caldwell'),(655,'Zoe Leader');
/*!40000 ALTER TABLE `actor` ENABLE KEYS */;
UNLOCK TABLES;

--
-- Table structure for table `credit`
--

DROP TABLE IF EXISTS `credit`;
/*!40101 SET @saved_cs_client     = @@character_set_client */;
 SET character_set_client = utf8mb4 ;
CREATE TABLE `credit` (
  `credit_id` int(11) NOT NULL AUTO_INCREMENT,
  `movie_character_id` int(11) DEFAULT NULL,
  `actor_id` int(11) DEFAULT NULL,
  `movie_id` int(11) DEFAULT NULL,
  PRIMARY KEY (`credit_id`),
  UNIQUE KEY `credit_id` (`credit_id`),
  KEY `movie_character_id` (`movie_character_id`),
  KEY `actor_id` (`actor_id`),
  KEY `movie_id` (`movie_id`),
  CONSTRAINT `credit_ibfk_1` FOREIGN KEY (`movie_character_id`) REFERENCES `movie_character` (`movie_character_id`) ON DELETE CASCADE ON UPDATE CASCADE,
  CONSTRAINT `credit_ibfk_2` FOREIGN KEY (`actor_id`) REFERENCES `actor` (`actor_id`) ON DELETE CASCADE ON UPDATE CASCADE,
  CONSTRAINT `credit_ibfk_3` FOREIGN KEY (`movie_id`) REFERENCES `movie` (`movie_id`) ON DELETE CASCADE ON UPDATE CASCADE
) ENGINE=InnoDB AUTO_INCREMENT=1024 DEFAULT CHARSET=utf8mb4 COLLATE=utf8mb4_0900_ai_ci;
/*!40101 SET character_set_client = @saved_cs_client */;

--
-- Dumping data for table `credit`
--

LOCK TABLES `credit` WRITE;
/*!40000 ALTER TABLE `credit` DISABLE KEYS */;
INSERT INTO `credit` VALUES (1,527,96,1),(2,833,170,1),(3,4,197,1),(4,700,197,1),(5,390,216,1),(6,367,254,1),(7,705,299,1),(8,569,335,1),(9,401,336,1),(10,728,363,1),(11,674,389,1),(12,504,465,1),(13,329,541,1),(14,13,569,1),(15,814,54,2),(16,892,54,2),(17,825,158,2),(18,832,167,2),(19,497,176,2),(20,20,235,2),(21,808,247,2),(22,834,247,2),(23,869,247,2),(24,514,290,2),(25,818,302,2),(26,816,341,2),(27,18,357,2),(28,96,379,2),(29,218,465,2),(30,809,522,2),(31,159,583,2),(32,830,628,2),(33,371,117,3),(34,324,122,3),(35,675,124,3),(36,284,145,3),(37,881,163,3),(38,897,196,3),(39,48,252,3),(40,188,258,3),(41,189,301,3),(42,661,330,3),(43,442,386,3),(44,544,432,3),(45,240,504,3),(46,68,12,4),(47,275,79,4),(48,68,165,4),(49,356,201,4),(50,68,229,4),(51,839,407,4),(52,585,418,4),(53,512,465,4),(54,69,491,4),(55,838,496,4),(56,307,579,4),(57,587,605,4),(58,321,648,4),(59,65,11,5),(60,111,14,5),(61,586,28,5),(62,168,68,5),(63,156,71,5),(64,185,145,5),(65,783,197,5),(66,647,225,5),(67,493,292,5),(68,471,296,5),(69,41,307,5),(70,99,354,5),(71,292,370,5),(72,56,417,5),(73,81,474,5),(74,520,518,5),(75,325,527,5),(76,78,534,5),(77,556,619,5),(78,789,135,6),(79,878,156,7),(80,805,221,7),(81,636,222,7),(82,813,260,7),(83,107,333,7),(84,545,351,7),(85,234,404,7),(86,707,411,7),(87,635,443,7),(88,103,462,7),(89,837,513,7),(90,238,549,7),(91,553,594,7),(92,762,127,8),(93,211,273,8),(94,452,289,8),(95,793,308,8),(96,436,313,8),(97,865,430,8),(98,726,529,8),(99,312,21,9),(100,847,87,9),(101,298,130,9),(102,867,161,9),(103,535,202,9),(104,124,208,9),(105,1,309,9),(106,560,410,9),(107,343,411,9),(108,578,481,9),(109,449,572,9),(110,724,586,9),(111,162,651,9),(112,817,160,10),(113,464,184,10),(114,170,245,10),(115,361,303,10),(116,120,304,10),(117,400,306,10),(118,487,348,10),(119,310,379,10),(120,24,396,10),(121,824,400,10),(122,820,401,10),(123,508,465,10),(124,244,519,10),(125,273,629,10),(126,663,650,10),(127,653,13,11),(128,12,127,11),(129,255,149,11),(130,784,234,11),(131,75,311,11),(132,604,346,11),(133,920,424,11),(134,874,465,11),(135,910,471,11),(136,121,500,11),(137,456,561,11),(138,411,118,12),(139,334,169,12),(140,846,182,12),(141,831,237,12),(142,144,408,12),(143,171,465,12),(144,250,465,12),(145,147,466,12),(146,678,566,12),(147,576,583,12),(148,583,628,12),(149,158,122,13),(150,912,122,13),(151,83,299,13),(152,532,465,13),(153,389,623,13),(154,501,623,13),(155,775,236,14),(156,296,242,14),(157,399,329,14),(158,66,465,14),(159,247,465,14),(160,415,465,14),(161,698,465,14),(162,913,465,14),(163,249,7,15),(164,613,104,15),(165,263,243,15),(166,455,337,15),(167,614,342,15),(168,31,371,15),(169,785,465,15),(170,666,564,15),(171,898,59,16),(172,180,17,17),(173,17,38,17),(174,627,65,17),(175,459,85,17),(176,534,101,17),(177,648,136,17),(178,634,197,17),(179,23,224,17),(180,363,264,17),(181,606,299,17),(182,33,362,17),(183,803,374,17),(184,135,387,17),(185,46,473,17),(186,377,489,17),(187,918,531,17),(188,804,555,17),(189,374,560,17),(190,530,589,17),(191,376,597,17),(192,177,627,17),(193,210,642,17),(194,631,84,18),(195,709,90,18),(196,490,92,18),(197,617,98,18),(198,123,125,18),(199,49,190,18),(200,725,206,18),(201,347,286,18),(202,405,315,18),(203,579,345,18),(204,429,377,18),(205,467,412,18),(206,14,512,18),(207,730,526,18),(208,503,551,18),(209,890,585,18),(210,460,42,19),(211,864,51,19),(212,416,54,19),(213,862,380,19),(214,412,383,19),(215,206,494,19),(216,632,494,19),(217,753,494,19),(218,79,580,19),(219,11,606,19),(220,50,628,19),(221,581,20,20),(222,779,103,20),(223,477,141,20),(224,241,145,20),(225,208,274,20),(226,8,368,20),(227,138,369,20),(228,592,449,20),(229,597,607,20),(230,182,633,20),(231,350,654,20),(232,19,465,21),(233,871,3,22),(234,543,27,22),(235,317,36,22),(236,232,191,22),(237,142,230,22),(238,850,318,22),(239,474,339,22),(240,488,382,22),(241,341,422,22),(242,473,458,22),(243,318,463,22),(244,115,582,22),(245,577,613,22),(246,191,614,22),(247,482,621,22),(248,896,645,22),(249,421,151,23),(250,481,465,23),(251,370,7,24),(252,554,35,24),(253,519,172,24),(254,792,281,24),(255,684,465,24),(256,348,509,24),(257,866,600,24),(258,475,37,25),(259,591,180,25),(260,270,203,25),(261,478,210,25),(262,297,214,25),(263,909,233,25),(264,160,259,25),(265,328,263,25),(266,166,294,25),(267,352,348,25),(268,747,442,25),(269,589,447,25),(270,827,450,25),(271,195,465,25),(272,265,479,25),(273,271,578,25),(274,332,49,26),(275,226,60,26),(276,209,82,26),(277,853,100,26),(278,272,159,26),(279,485,197,26),(280,615,319,26),(281,406,456,26),(282,257,524,26),(283,787,538,26),(284,314,550,26),(285,710,577,26),(286,719,598,26),(287,902,649,26),(288,715,39,27),(289,245,409,27),(290,598,413,27),(291,630,440,27),(292,489,445,27),(293,671,507,27),(294,635,562,27),(295,807,606,27),(296,574,54,28),(297,645,64,28),(298,823,81,28),(299,841,124,28),(300,139,228,28),(301,330,228,28),(302,518,235,28),(303,607,280,28),(304,889,357,28),(305,848,403,28),(306,595,465,28),(307,812,465,28),(308,859,465,28),(309,419,485,28),(310,198,535,28),(311,765,588,28),(312,540,617,28),(313,780,93,29),(314,810,93,29),(315,333,106,29),(316,414,119,29),(317,650,155,29),(318,105,194,29),(319,466,199,29),(320,293,426,29),(321,335,426,29),(322,176,465,29),(323,557,606,29),(324,398,639,29),(325,82,58,30),(326,835,105,30),(327,640,137,30),(328,346,145,30),(329,894,145,30),(330,303,197,30),(331,435,219,30),(332,655,246,30),(333,451,253,30),(334,528,328,30),(335,353,388,30),(336,140,427,30),(337,593,438,30),(338,165,556,30),(339,320,25,31),(340,567,42,31),(341,763,61,31),(342,712,69,31),(343,462,85,31),(344,761,133,31),(345,791,166,31),(346,863,212,31),(347,624,247,31),(348,612,365,31),(349,507,452,31),(350,751,476,31),(351,445,501,31),(352,668,501,31),(353,480,503,31),(354,856,528,31),(355,15,545,31),(356,758,603,31),(357,422,344,32),(358,692,40,33),(359,280,41,33),(360,539,42,33),(361,670,53,33),(362,441,54,33),(363,509,183,33),(364,53,415,33),(365,215,465,33),(366,447,599,33),(367,304,628,33),(368,769,5,34),(369,768,59,34),(370,231,178,34),(371,662,232,34),(372,691,397,34),(373,826,453,34),(374,365,472,34),(375,358,505,34),(376,764,505,34),(377,224,554,34),(378,73,571,34),(379,387,587,34),(380,381,67,35),(381,566,164,35),(382,629,197,35),(383,702,405,35),(384,524,465,35),(385,777,548,35),(386,309,653,35),(387,798,10,36),(388,175,70,36),(389,431,218,36),(390,590,272,36),(391,437,376,36),(392,404,448,36),(393,38,464,36),(394,802,552,36),(395,798,618,36),(396,796,642,36),(397,29,80,37),(398,703,116,37),(399,555,121,37),(400,397,188,37),(401,199,247,37),(402,369,465,37),(403,434,465,37),(404,900,469,37),(405,392,505,37),(406,873,54,38),(407,21,85,38),(408,331,95,38),(409,90,147,38),(410,245,192,38),(411,861,209,38),(412,465,212,38),(413,499,238,38),(414,515,391,38),(415,379,392,38),(416,2,452,38),(417,322,455,38),(418,599,476,38),(419,752,490,38),(420,836,503,38),(421,253,544,38),(422,737,568,38),(423,718,583,38),(424,98,606,38),(425,638,634,38),(426,622,4,39),(427,440,34,39),(428,620,55,39),(429,619,177,39),(430,202,204,39),(431,797,220,39),(432,227,321,39),(433,359,321,39),(434,822,327,39),(435,287,464,39),(436,372,465,39),(437,194,502,39),(438,673,591,39),(439,127,62,40),(440,458,146,40),(441,914,173,40),(442,852,185,40),(443,626,326,40),(444,150,364,40),(445,457,483,40),(446,161,644,40),(447,190,123,41),(448,22,249,41),(449,893,275,41),(450,858,361,41),(451,776,465,41),(452,163,476,41),(453,112,490,41),(454,94,493,41),(455,220,521,41),(456,883,563,41),(457,378,9,42),(458,72,44,42),(459,74,44,42),(460,289,81,42),(461,582,154,42),(462,694,193,42),(463,282,197,42),(464,857,197,42),(465,551,428,42),(466,463,575,42),(467,616,593,42),(468,235,626,42),(469,680,632,42),(470,879,94,43),(471,806,145,43),(472,266,150,43),(473,386,269,43),(474,141,367,43),(475,469,420,43),(476,5,465,43),(477,223,465,43),(478,179,487,43),(479,687,612,43),(480,424,619,43),(481,279,46,44),(482,568,75,44),(483,300,89,44),(484,428,120,44),(485,748,139,44),(486,919,157,44),(487,750,213,44),(488,133,247,44),(489,187,247,44),(490,10,320,44),(491,308,385,44),(492,222,392,44),(493,444,395,44),(494,67,503,44),(495,63,573,44),(496,430,584,44),(497,899,628,44),(498,71,100,45),(499,685,189,45),(500,588,256,45),(501,736,288,45),(502,252,299,45),(503,755,338,45),(504,731,402,45),(505,755,421,45),(506,594,451,45),(507,844,459,45),(508,699,536,45),(509,916,553,45),(510,749,646,45),(511,732,655,45),(512,357,46,46),(513,741,77,46),(514,665,109,46),(515,143,181,46),(516,523,197,46),(517,35,223,46),(518,306,271,46),(519,39,314,46),(520,47,351,46),(521,448,366,46),(522,16,370,46),(523,40,370,46),(524,305,473,46),(525,875,477,46),(526,877,478,46),(527,157,517,46),(528,742,561,46),(529,6,576,46),(530,26,596,46),(531,366,647,46),(532,840,29,48),(533,669,76,48),(534,368,122,48),(535,517,186,48),(536,511,282,48),(537,154,283,48),(538,373,291,48),(539,704,299,48),(540,259,326,48),(541,237,362,48),(542,391,369,48),(543,128,431,48),(544,486,435,48),(545,268,465,48),(546,267,470,48),(547,870,484,48),(548,470,495,48),(549,192,511,48),(550,152,48,49),(551,91,63,49),(552,122,81,49),(553,216,171,49),(554,550,192,49),(555,500,215,49),(556,260,275,49),(557,621,300,49),(558,269,302,49),(559,575,316,49),(560,723,331,49),(561,349,378,49),(562,635,439,49),(563,492,476,49),(564,184,2,50),(565,225,48,50),(566,277,83,50),(567,454,170,50),(568,315,174,50),(569,513,197,50),(570,639,211,50),(571,895,323,50),(572,706,498,50),(573,611,557,50),(574,402,624,50),(575,316,643,50),(576,760,6,51),(577,37,349,51),(578,537,352,51),(579,498,413,51),(580,759,467,51),(581,43,525,51),(582,43,530,51),(583,43,539,51),(584,756,573,51),(585,102,606,51),(586,628,312,52),(587,36,505,52),(588,420,72,53),(589,618,122,53),(590,563,134,53),(591,236,143,53),(592,137,187,53),(593,413,340,53),(594,733,382,53),(595,55,414,53),(596,740,434,53),(597,364,436,53),(598,97,480,53),(599,570,550,53),(600,907,1,55),(601,439,7,55),(602,197,126,55),(603,327,152,55),(604,572,175,55),(605,251,240,55),(606,299,251,55),(607,701,265,55),(608,744,267,55),(609,516,317,55),(610,906,322,55),(611,423,343,55),(612,136,360,55),(613,790,446,55),(614,7,465,55),(615,340,465,55),(616,547,465,55),(617,770,465,55),(618,786,465,55),(619,771,520,55),(620,876,567,55),(621,248,7,56),(622,110,66,56),(623,126,78,56),(624,781,162,56),(625,426,217,56),(626,164,244,56),(627,526,248,56),(628,681,268,56),(629,608,270,56),(630,44,287,56),(631,408,324,56),(632,409,324,56),(633,904,324,56),(634,571,423,56),(635,84,457,56),(636,264,465,56),(637,584,468,56),(638,301,515,56),(639,233,520,56),(640,326,574,56),(641,295,615,56),(642,911,616,56),(643,739,8,NULL),(644,843,15,NULL),(645,27,16,NULL),(646,281,18,NULL),(647,336,19,NULL),(648,25,22,NULL),(649,476,23,NULL),(650,204,24,NULL),(651,610,26,NULL),(652,690,30,NULL),(653,716,31,NULL),(654,57,32,NULL),(655,153,32,NULL),(656,461,32,NULL),(657,633,32,NULL),(658,676,33,NULL),(659,432,42,NULL),(660,854,43,NULL),(661,548,45,NULL),(662,788,45,NULL),(663,714,46,NULL),(664,28,47,NULL),(665,196,50,NULL),(666,559,52,NULL),(667,395,54,NULL),(668,93,56,NULL),(669,643,57,NULL),(670,113,67,NULL),(671,794,67,NULL),(672,129,71,NULL),(673,230,71,NULL),(674,821,73,NULL),(675,315,74,NULL),(676,169,75,NULL),(677,641,86,NULL),(678,433,87,NULL),(679,722,88,NULL),(680,85,91,NULL),(681,355,91,NULL),(682,683,91,NULL),(683,713,91,NULL),(684,603,96,NULL),(685,261,97,NULL),(686,131,99,NULL),(687,205,102,NULL),(688,915,107,NULL),(689,345,108,NULL),(690,425,110,NULL),(691,538,110,NULL),(692,114,111,NULL),(693,130,111,NULL),(694,246,111,NULL),(695,360,112,NULL),(696,200,113,NULL),(697,213,114,NULL),(698,385,114,NULL),(699,484,114,NULL),(700,229,115,NULL),(701,757,116,NULL),(702,717,120,NULL),(703,696,122,NULL),(704,773,122,NULL),(705,921,122,NULL),(706,536,124,NULL),(707,76,128,NULL),(708,531,129,NULL),(709,795,131,NULL),(710,521,132,NULL),(711,60,137,NULL),(712,396,137,NULL),(713,672,138,NULL),(714,294,140,NULL),(715,745,142,NULL),(716,42,144,NULL),(717,766,144,NULL),(718,32,148,NULL),(719,201,153,NULL),(720,800,156,NULL),(721,717,166,NULL),(722,291,168,NULL),(723,855,179,NULL),(724,313,181,NULL),(725,173,195,NULL),(726,62,197,NULL),(727,80,197,NULL),(728,95,197,NULL),(729,132,197,NULL),(730,151,197,NULL),(731,276,197,NULL),(732,529,197,NULL),(733,623,197,NULL),(734,657,197,NULL),(735,828,197,NULL),(736,860,197,NULL),(737,886,197,NULL),(738,908,197,NULL),(739,829,198,NULL),(740,782,200,NULL),(741,383,205,NULL),(742,729,207,NULL),(743,338,222,NULL),(744,302,225,NULL),(745,362,225,NULL),(746,625,225,NULL),(747,77,226,NULL),(748,917,226,NULL),(749,283,227,NULL),(750,403,231,NULL),(751,682,239,NULL),(752,344,241,NULL),(753,596,243,NULL),(754,811,247,NULL),(755,479,250,NULL),(756,117,255,NULL),(757,92,257,NULL),(758,167,261,NULL),(759,664,262,NULL),(760,274,266,NULL),(761,3,269,NULL),(762,849,272,NULL),(763,45,276,NULL),(764,54,276,NULL),(765,119,276,NULL),(766,172,276,NULL),(767,193,276,NULL),(768,239,276,NULL),(769,602,276,NULL),(770,815,276,NULL),(771,651,277,NULL),(772,495,278,NULL),(773,573,279,NULL),(774,708,284,NULL),(775,502,285,NULL),(776,727,292,NULL),(777,872,293,NULL),(778,149,295,NULL),(779,801,297,NULL),(780,510,298,NULL),(781,109,299,NULL),(782,228,299,NULL),(783,243,299,NULL),(784,258,299,NULL),(785,278,299,NULL),(786,375,299,NULL),(787,558,299,NULL),(788,605,299,NULL),(789,679,299,NULL),(790,767,299,NULL),(791,888,299,NULL),(792,905,299,NULL),(793,388,305,NULL),(794,88,310,NULL),(795,339,310,NULL),(796,600,314,NULL),(797,649,325,NULL),(798,146,332,NULL),(799,118,334,NULL),(800,845,347,NULL),(801,351,348,NULL),(802,496,348,NULL),(803,505,348,NULL),(804,580,348,NULL),(805,891,348,NULL),(806,697,349,NULL),(807,214,350,NULL),(808,688,351,NULL),(809,549,353,NULL),(810,134,354,NULL),(811,186,354,NULL),(812,203,354,NULL),(813,562,354,NULL),(814,819,354,NULL),(815,410,355,NULL),(816,637,356,NULL),(817,52,358,NULL),(818,380,359,NULL),(819,721,363,NULL),(820,868,366,NULL),(821,720,372,NULL),(822,494,373,NULL),(823,882,375,NULL),(824,483,381,NULL),(825,443,384,NULL),(826,743,384,NULL),(827,30,390,NULL),(828,689,393,NULL),(829,57,394,NULL),(830,642,398,NULL),(831,754,399,NULL),(832,609,405,NULL),(833,174,406,NULL),(834,407,413,NULL),(835,746,416,NULL),(836,288,419,NULL),(837,564,423,NULL),(838,851,424,NULL),(839,552,425,NULL),(840,686,429,NULL),(841,148,433,NULL),(842,734,433,NULL),(843,438,437,NULL),(844,772,441,NULL),(845,286,444,NULL),(846,652,454,NULL),(847,522,460,NULL),(848,116,461,NULL),(849,9,465,NULL),(850,34,465,NULL),(851,61,465,NULL),(852,101,465,NULL),(853,104,465,NULL),(854,125,465,NULL),(855,178,465,NULL),(856,219,465,NULL),(857,262,465,NULL),(858,285,465,NULL),(859,418,465,NULL),(860,427,465,NULL),(861,525,465,NULL),(862,565,465,NULL),(863,738,465,NULL),(864,903,465,NULL),(865,880,475,NULL),(866,561,477,NULL),(867,145,482,NULL),(868,491,486,NULL),(869,290,488,NULL),(870,842,490,NULL),(871,711,492,NULL),(872,70,497,NULL),(873,212,499,NULL),(874,417,505,NULL),(875,646,505,NULL),(876,660,505,NULL),(877,342,506,NULL),(878,654,506,NULL),(879,450,508,NULL),(880,256,510,NULL),(881,394,514,NULL),(882,221,516,NULL),(883,217,523,NULL),(884,65,532,NULL),(885,106,532,NULL),(886,337,532,NULL),(887,472,532,NULL),(888,644,532,NULL),(889,778,532,NULL),(890,155,533,NULL),(891,183,537,NULL),(892,108,540,NULL),(893,542,542,NULL),(894,658,543,NULL),(895,254,546,NULL),(896,884,547,NULL),(897,887,557,NULL),(898,453,558,NULL),(899,319,559,NULL),(900,693,565,NULL),(901,735,570,NULL),(902,207,581,NULL),(903,901,583,NULL),(904,695,590,NULL),(905,100,592,NULL),(906,922,595,NULL),(907,533,596,NULL),(908,774,596,NULL),(909,59,601,NULL),(910,468,601,NULL),(911,656,602,NULL),(912,659,604,NULL),(913,311,608,NULL),(914,799,608,NULL),(915,64,609,NULL),(916,601,610,NULL),(917,242,611,NULL),(918,885,620,NULL),(919,446,622,NULL),(920,58,623,NULL),(921,323,623,NULL),(922,382,623,NULL),(923,506,623,NULL),(924,86,625,NULL),(925,87,625,NULL),(926,354,630,NULL),(927,89,631,NULL),(928,677,635,NULL),(929,541,636,NULL),(930,384,637,NULL),(931,546,638,NULL),(932,393,640,NULL),(933,181,641,NULL),(934,51,644,NULL),(935,667,652,NULL);
/*!40000 ALTER TABLE `credit` ENABLE KEYS */;
UNLOCK TABLES;

--
-- Table structure for table `director`
--

DROP TABLE IF EXISTS `director`;
/*!40101 SET @saved_cs_client     = @@character_set_client */;
 SET character_set_client = utf8mb4 ;
CREATE TABLE `director` (
  `director_id` int(11) NOT NULL AUTO_INCREMENT,
  `director_name` varchar(45) NOT NULL,
  PRIMARY KEY (`director_id`),
  UNIQUE KEY `director_id` (`director_id`),
  UNIQUE KEY `director_name` (`director_name`)
) ENGINE=InnoDB AUTO_INCREMENT=32 DEFAULT CHARSET=utf8mb4 COLLATE=utf8mb4_0900_ai_ci;
/*!40101 SET character_set_client = @saved_cs_client */;

--
-- Dumping data for table `director`
--

LOCK TABLES `director` WRITE;
/*!40000 ALTER TABLE `director` DISABLE KEYS */;
INSERT INTO `director` VALUES (1,'Art Stevens'),(2,'Barry Cook'),(3,'Ben Sharpsteen'),(4,'Byron Howard'),(5,'Chris Buck'),(6,'Chris Sanders'),(7,'Chris Williams'),(8,'Clyde Geronimi'),(9,'David Hand'),(10,'Don Hall'),(29,'full credits'),(11,'Gary Trousdale'),(12,'George Scribner'),(13,'Hamilton Luske'),(14,'Jack Kinney'),(15,'Mark Dindal'),(16,'Mike Gabriel'),(17,'Nathan Greno'),(18,'Norman Ferguson'),(19,'Ralph Zondag'),(20,'Rich Moore'),(21,'Robert Walker'),(22,'Roger Allers'),(23,'Ron Clements'),(24,'Stephen J. Anderson'),(25,'Ted Berman'),(26,'Wilfred Jackson'),(27,'Will Finn'),(28,'Wolfgang Reitherman');
/*!40000 ALTER TABLE `director` ENABLE KEYS */;
UNLOCK TABLES;

--
-- Table structure for table `genre`
--

DROP TABLE IF EXISTS `genre`;
/*!40101 SET @saved_cs_client     = @@character_set_client */;
 SET character_set_client = utf8mb4 ;
CREATE TABLE `genre` (
  `genre_id` int(11) NOT NULL AUTO_INCREMENT,
  `genre_name` varchar(45) NOT NULL,
  PRIMARY KEY (`genre_id`),
  UNIQUE KEY `genre_id` (`genre_id`),
  UNIQUE KEY `genre_name` (`genre_name`)
) ENGINE=InnoDB AUTO_INCREMENT=16 DEFAULT CHARSET=utf8mb4 COLLATE=utf8mb4_0900_ai_ci;
/*!40101 SET character_set_client = @saved_cs_client */;

--
-- Dumping data for table `genre`
--

LOCK TABLES `genre` WRITE;
/*!40000 ALTER TABLE `genre` DISABLE KEYS */;
INSERT INTO `genre` VALUES (1,'Action'),(2,'Adventure'),(3,'Black Comedy'),(4,'Comedy'),(5,'Concert/Performance'),(6,'Documentary'),(7,'Drama'),(8,'Horror'),(9,'Musical'),(10,'Romantic Comedy'),(11,'Thriller/Suspense'),(12,'Western');
/*!40000 ALTER TABLE `genre` ENABLE KEYS */;
UNLOCK TABLES;

--
-- Table structure for table `motive`
--

DROP TABLE IF EXISTS `motive`;
/*!40101 SET @saved_cs_client     = @@character_set_client */;
 SET character_set_client = utf8mb4 ;
CREATE TABLE `motive` (
  `motive_id` int(11) NOT NULL AUTO_INCREMENT,
  `motive_name` varchar(10) NOT NULL,
  PRIMARY KEY (`motive_id`),
  UNIQUE KEY `motive_id` (`motive_id`),
  UNIQUE KEY `motive_name` (`motive_name`)
) ENGINE=InnoDB AUTO_INCREMENT=3 DEFAULT CHARSET=utf8mb4 COLLATE=utf8mb4_0900_ai_ci;
/*!40101 SET character_set_client = @saved_cs_client */;

--
-- Dumping data for table `motive`
--

LOCK TABLES `motive` WRITE;
/*!40000 ALTER TABLE `motive` DISABLE KEYS */;
INSERT INTO `motive` VALUES (1,'Hero'),(2,'Villian');
/*!40000 ALTER TABLE `motive` ENABLE KEYS */;
UNLOCK TABLES;

--
-- Table structure for table `movie`
--

DROP TABLE IF EXISTS `movie`;
/*!40101 SET @saved_cs_client     = @@character_set_client */;
 SET character_set_client = utf8mb4 ;
CREATE TABLE `movie` (
  `movie_id` int(11) NOT NULL AUTO_INCREMENT,
  `movie_title` varchar(150) NOT NULL,
  `director_id` int(11) NOT NULL,
  `release_date` varchar(50) NOT NULL,
  `genre_id` int(11) DEFAULT NULL,
  `song` varchar(150) DEFAULT NULL,
  `total_gross` int(11) DEFAULT NULL,
  `inflation_gross` int(11) DEFAULT NULL,
  PRIMARY KEY (`movie_id`),
  UNIQUE KEY `movie_id` (`movie_id`),
  UNIQUE KEY `movie_title` (`movie_title`),
  KEY `director_id` (`director_id`),
  KEY `genre_id` (`genre_id`),
  CONSTRAINT `movie_ibfk_1` FOREIGN KEY (`director_id`) REFERENCES `director` (`director_id`) ON DELETE RESTRICT ON UPDATE CASCADE,
  CONSTRAINT `movie_ibfk_2` FOREIGN KEY (`genre_id`) REFERENCES `genre` (`genre_id`) ON DELETE RESTRICT ON UPDATE CASCADE
) ENGINE=InnoDB AUTO_INCREMENT=57 DEFAULT CHARSET=utf8mb4 COLLATE=utf8mb4_0900_ai_ci;
/*!40101 SET character_set_client = @saved_cs_client */;

--
-- Dumping data for table `movie`
--

LOCK TABLES `movie` WRITE;
/*!40000 ALTER TABLE `movie` DISABLE KEYS */;
INSERT INTO `movie` VALUES (1,'Aladdin',23,'11/25/92',4,'A Whole New World',24646936,45266588),(2,'Alice in Wonderland',8,'7/28/51',2,'The Unbirthday Song',334191110,357063499),(3,'Atlantis: The Lost Empire',11,'6/15/01',2,'Where the Dream Takes You',84052762,125188122),(4,'Bambi',9,'8/13/42',7,'Love Is a Song',NULL,NULL),(5,'Beauty and the Beast',11,'11/22/91',9,'Be Our Guest',218951625,363017667),(6,'Big Hero 6',10,'11/7/14',2,'Immortals',222527828,229249222),(7,'Bolt',7,'11/21/08',4,'I Thought I Lost You',114053759,133702498),(8,'Brother Bear',21,'11/1/03',2,'Look Through My Eyes',85336277,119218333),(9,'Chicken Little',15,'11/4/05',2,NULL,135386665,177954661),(10,'Cinderella',26,'2/15/50',7,'Bibbidi-Bobbidi-Boo',85000000,920608730),(11,'Dinosaur',19,'5/19/00',2,NULL,137748063,215438985),(12,'Dumbo',3,'10/23/41',NULL,'Baby Mine',NULL,NULL),(13,'Fantasia',26,'11/13/40',9,NULL,83320000,2147483647),(14,'Fantasia 2000',29,'12/17/99',9,NULL,60507228,94852354),(15,'Frozen',5,'11/27/13',2,'Let It Go\r',400738009,414997174),(16,'Fun and Fancy Free',14,'9/27/47',NULL,NULL,NULL,NULL),(17,'Hercules',23,'6/27/97',2,'Go the Distance',99112101,182029412),(18,'Home on the Range',27,'4/2/04',4,NULL,50026353,67910166),(19,'Lady and the Tramp',13,'6/22/55',7,'Bella Notte',93600000,1236035515),(20,'Lilo & Stitch',6,'6/21/02',2,'He Mele No Lilo\r',145771527,211506702),(21,'Make Mine Music',14,'4/20/46',NULL,NULL,NULL,NULL),(22,'Meet the Robinsons',24,'3/30/07',2,'Little Wonders',97822171,119860589),(23,'Melody Time',8,'5/27/48',NULL,'Little Toot',NULL,NULL),(24,'Moana',23,'11/23/16',2,'How Far I\'ll Go\r',246082029,246082029),(25,'Mulan',2,'6/19/98',2,'I\'ll Make a Man Out of You\r',120620254,216807832),(26,'Oliver & Company',12,'11/18/88',2,'Once Upon a Time in New York City',49576671,102254492),(27,'One Hundred and One Dalmatians',28,'1/25/61',4,'Cruella De Vil',153000000,1362870985),(28,'Peter Pan',13,'2/5/53',2,'You Can Fly!',NULL,NULL),(29,'Pinocchio',3,'2/7/40',2,'When You Wish upon a Star',84300000,2147483647),(30,'Pocahontas',16,'6/23/95',2,'Colors of the Wind',141579773,274370957),(31,'Robin Hood',28,'11/8/73',NULL,'Oo De Lally',NULL,NULL),(32,'Saludos Amigos',14,'2/6/43',9,'Saludos Amigos\r',NULL,NULL),(33,'Sleeping Beauty',8,'1/29/59',7,'Once Upon a Dream',9464608,21505832),(34,'Snow White and the Seven Dwarfs',9,'12/21/37',9,'Some Day My Prince Will Come',184925485,2147483647),(35,'Tangled',17,'11/24/10',2,'I See the Light',200821936,214388548),(36,'Tarzan',5,'6/18/99',2,'You\'ll Be in My Heart',171091819,283900254),(37,'The Adventures of Ichabod and Mr. Toad',14,'10/5/49',NULL,'The Merrily Song',NULL,NULL),(38,'The Aristocats',28,'12/24/70',9,'Ev\'rybody Wants to Be a Cat',55675257,255161499),(39,'The Black Cauldron',25,'7/24/85',2,NULL,21288692,50553142),(40,'The Emperor\'s New Groove',15,'12/15/00',2,'My Funny Friend and Me\r',89296573,136789252),(41,'The Fox and the Hound',1,'7/10/81',4,'Best of Friends',43899231,133118889),(42,'The Great Mouse Detective',23,'7/2/86',2,'The World\'s Greatest Criminal Mind',23605534,53637367),(43,'The Hunchback of Notre Dame',11,'6/21/96',2,'God Help the Outcasts',100138851,190988799),(44,'The Jungle Book',28,'10/18/67',9,'The Bare Necessities\r',141843000,789612346),(45,'The Lion King',22,'6/24/94',2,'Circle of Life',422780140,761640898),(46,'The Little Mermaid',23,'11/17/89',2,'Under the Sea',111543479,223726012),(47,'The Many Adventures of Winnie the Pooh',28,'3/11/77',NULL,'Winnie the Pooh',NULL,NULL),(48,'The Princess and the Frog',23,'12/11/09',2,'Almost There',104400899,116316457),(49,'The Rescuers',28,'6/22/77',2,'The Journey',48775599,159743914),(50,'The Rescuers Down Under',16,'11/16/90',2,'\r',27931461,55796728),(51,'The Sword in the Stone',28,'12/25/63',2,'Higitus Figitus\r',22182353,153870834),(52,'The Three Caballeros',18,'2/3/45',9,NULL,NULL,NULL),(53,'Treasure Planet',23,'11/27/02',2,'I\'m Still Here\r',38120554,55189145),(54,'Winnie the Pooh',24,'7/15/11',2,'Winnie the Pooh\r',26692846,28375869),(55,'Wreck-It Ralph',20,'11/2/12',2,'Sugar Rush',189412677,200354959),(56,'Zootopia',4,'3/4/16',2,'Try Everything',341268248,341268248);
/*!40000 ALTER TABLE `movie` ENABLE KEYS */;
UNLOCK TABLES;

--
-- Table structure for table `movie_character`
--

DROP TABLE IF EXISTS `movie_character`;
/*!40101 SET @saved_cs_client     = @@character_set_client */;
 SET character_set_client = utf8mb4 ;
CREATE TABLE `movie_character` (
  `movie_character_id` int(11) NOT NULL AUTO_INCREMENT,
  `movie_character_name` varchar(100) NOT NULL,
  PRIMARY KEY (`movie_character_id`),
  UNIQUE KEY `movie_character_id` (`movie_character_id`),
  UNIQUE KEY `movie_character_name` (`movie_character_name`)
) ENGINE=InnoDB AUTO_INCREMENT=1024 DEFAULT CHARSET=utf8mb4 COLLATE=utf8mb4_0900_ai_ci;
/*!40101 SET character_set_client = @saved_cs_client */;

--
-- Dumping data for table `movie_character`
--

LOCK TABLES `movie_character` WRITE;
/*!40000 ALTER TABLE `movie_character` DISABLE KEYS */;
INSERT INTO `movie_character` VALUES (1,'Abby Mallard'),(2,'Abigail Gabble'),(3,'Abis Mal'),(4,'Abu'),(5,'Achilles'),(6,'Adella'),(7,'Adorabeezle Winterpop'),(8,'Agent Wendy Pleakley'),(9,'Ajax the Gorilla'),(10,'Akela'),(11,'Al the Alligator'),(12,'Aladar'),(13,'Aladdin'),(14,'Alameda Slim'),(15,'Alan-a-Dale'),(16,'Alana'),(17,'Alcmene'),(18,'Alice'),(19,'Alice Bluebonnet'),(20,'Alice\'s Sister'),(21,'Amelia Gabble'),(22,'Amos Slade'),(23,'Amphitryon'),(24,'Anastasia Tremaine'),(25,'Anda'),(26,'Andrina'),(27,'Angel'),(28,'Angelique'),(29,'Angus MacBadger'),(30,'Anita Radcliffe'),(31,'Anna'),(32,'Annette'),(33,'Apollo'),(34,'April'),(35,'Aquata'),(36,'Aracuan Bird'),(37,'Archimedes'),(38,'Archimedes Q. Porter'),(39,'Ariel'),(40,'Arista'),(41,'Armoire'),(42,'Arthur'),(43,'Arthur/Wart'),(44,'Assistant Mayor Dawn Bellwether'),(45,'Atka'),(46,'Atropos'),(47,'Attina'),(48,'Audrey Ramirez'),(49,'Audrey the Chicken'),(50,'Aunt Sarah'),(51,'Aunt Siqiniq'),(52,'Aunt Taqqiq'),(53,'Aurora'),(54,'Axe'),(55,'B.E.N.'),(56,'Babette'),(57,'Baby Herman'),(58,'Baby Red Bird'),(59,'Babyface Beagle'),(60,'Backwoods Beagle'),(61,'Bacon Beagle'),(62,'Baggy Beagle'),(63,'Bagheera'),(64,'Baileywick'),(65,'Baker'),(66,'Ballerina'),(67,'Baloo Bear'),(68,'Bambi'),(69,'Bambi\'s Mother'),(70,'Bankjob Beagle'),(71,'Banzai'),(72,'Bartholomew'),(73,'Bashful'),(74,'Basil of Baker Street'),(75,'Baylene'),(76,'Bear'),(77,'Beary Barrington'),(78,'Beast'),(79,'Beaver'),(80,'Bella'),(81,'Belle'),(82,'Ben'),(83,'Ben Ali Gator'),(84,'Benjamin Clawhauser'),(85,'Benny the Cab'),(86,'Bent-Tail Junior'),(87,'Bent-Tail the Coyote'),(88,'Bentina Beakley'),(89,'Beret Girl'),(90,'Berlioz'),(91,'Bernard'),(92,'Big Al'),(93,'Big Bad Wolf'),(94,'Big Mama'),(95,'Bigtime Beagle'),(96,'Bill the Lizard'),(97,'Billy Bones'),(98,'Billy Boss'),(99,'Bimbette'),(100,'Binkie Muddlefoot'),(101,'Binky Beagle'),(102,'Black Bart'),(103,'Blake'),(104,'Blaze'),(105,'Blue Fairy'),(106,'Bobble'),(107,'Bolt'),(108,'Bomber Beagle'),(109,'Bonkers D. Bobcat'),(110,'Bonnie Hopps'),(111,'Bookseller'),(112,'Boomer'),(113,'Boss Beaver'),(114,'Bouncer Beagle'),(115,'Bowler Hat Guy'),(116,'Br\'er Bear'),(117,'Br\'er Fox'),(118,'Br\'er Rabbit'),(119,'Bradley Uppercrust III'),(120,'Bruno the Dog'),(121,'Bruton'),(122,'Brutus and Nero'),(123,'Buck'),(124,'Buck Cluck'),(125,'Bucky Bug'),(126,'Bucky Oryx-Antlerson'),(127,'Bucky the Squirrel'),(128,'Buford the Cook'),(129,'Bugle Beagle'),(130,'Burger Beagle'),(131,'Buster'),(132,'Butch the Bulldog'),(133,'Buzzie the Vulture'),(134,'Cadpig'),(135,'Calliope'),(136,'Candlehead'),(137,'Captain Amelia'),(138,'Captain Gantu'),(139,'Captain Hook'),(140,'Captain John Smith'),(141,'Captain Phoebus'),(142,'Carl the Robot'),(143,'Carlotta the Maid'),(144,'Casey Junior'),(145,'Cash'),(146,'Cassim'),(147,'Catty the Elephant'),(148,'Cecil the Vulture'),(149,'Cedric the Sorcerer'),(150,'Chaca'),(151,'Chainsaw'),(152,'Chair Mouse'),(153,'Chandeleria'),(154,'Charlotte La Bouff'),(155,'Cheetata and Cheetato'),(156,'Chef Bouche'),(157,'Chef Louis'),(158,'Chernabog'),(159,'Cheshire Cat'),(160,'Chi-Fu'),(161,'Chicha'),(162,'Chicken Little'),(163,'Chief'),(164,'Chief Bogo'),(165,'Chief Powhatan'),(166,'Chien-Po'),(167,'Chip'),(168,'Chip Potts'),(169,'Christopher Robin'),(170,'Cinderella'),(171,'Circus Animals'),(172,'Clank'),(173,'Clara Cluck'),(174,'Clarabelle Cow'),(175,'Clayton'),(176,'Cleo'),(177,'Clio'),(178,'Cloak and Dagger'),(179,'Clopin Trouillefou'),(180,'Clotho'),(181,'Clover'),(182,'Cobra Bubbles'),(183,'Codfish'),(184,'Cody'),(185,'Cogsworth'),(186,'Colette'),(187,'Colonel Hathi'),(188,'Commander Lyle Rourke'),(189,'Cookie'),(190,'Copper'),(191,'Cornelius Robinson'),(192,'Cousin Randy'),(193,'Crane'),(194,'Creeper'),(195,'Cri-Kee'),(196,'Cruella de Vil'),(197,'Crumbelina DiCaramello'),(198,'Cubby'),(199,'Cyril Proudbottom'),(200,'Daisy Duck'),(201,'Dale'),(202,'Dallben'),(203,'Danielle'),(204,'Danny'),(205,'Darby'),(206,'Darling'),(207,'Dash'),(208,'David Kawena'),(210,'Demetrius'),(211,'Denahi'),(212,'Derek Blunt'),(209,'DeSoto'),(213,'Dewey'),(214,'Dex Barrington'),(215,'Diablo'),(216,'Digger the Mole'),(217,'Dijon the Thief'),(218,'Dinah the Cat'),(219,'Dinah the Dachshund'),(220,'Dinky'),(221,'Dixie'),(222,'Dizzie the Vulture'),(223,'Djali'),(224,'Doc'),(225,'Doctor Mouse'),(226,'Dodger'),(227,'Doli'),(228,'Don Karnage'),(229,'Donald Duck'),(230,'Doofus Drake'),(231,'Dopey'),(232,'Doris'),(233,'Doug Ramses'),(234,'Dr. Calico'),(235,'Dr. David Q. Dawson'),(236,'Dr. Doppler'),(237,'Dr. Facilier'),(238,'Dr. Forrester'),(239,'Dr. Jacques von Hamsterviel'),(240,'Dr. Joshua Sweet'),(241,'Dr. Jumba Jookiba'),(242,'Dr. Reginald Bushroot'),(243,'Drake Mallard (Darkwing Duck)'),(244,'Drizella Tremaine'),(245,'Duchess'),(246,'Duckworth'),(247,'Duke'),(249,'Duke of Weselton'),(248,'Duke Weaselton'),(250,'Dumbo'),(251,'Duncan'),(252,'Ed'),(253,'Edgar Balthazar the Butler'),(254,'Edward'),(255,'Eema'),(256,'Eeyore'),(257,'Einstein'),(258,'El Capitan'),(259,'Eli \"Big Daddy\" La Bouff'),(260,'Ellie Mae'),(261,'Elliott'),(262,'Elmer Elephant'),(263,'Elsa'),(264,'Emmitt Otterton'),(265,'Emperor of China'),(266,'Esmeralda'),(267,'Eudora'),(268,'Evangaline'),(269,'Evinrude'),(270,'Fa Li'),(271,'Fa Zhou'),(272,'Fagin'),(273,'Fairy Godmother'),(274,'Fairy Mary'),(275,'Faline'),(276,'Fall-Apart Rabbit'),(277,'Faloo'),(278,'Fat Cat'),(279,'Father Wolf'),(280,'Fauna'),(281,'Fawn'),(282,'Felicia the Cat'),(283,'Fenton Crackshell (Gizmoduck)'),(284,'Fenton Q. Harcourt'),(285,'Ferdie Fieldmouse'),(286,'Ferdinand the Bull'),(287,'Fflewddur Fflam'),(288,'Fiddler Pig'),(289,'Fidget'),(290,'Fife the Piccolo'),(291,'Fifer Pig'),(292,'Fifi the Featherduster'),(293,'Figaro the Cat'),(294,'Figment'),(295,'Finnick'),(296,'Firebird !The Firebird'),(297,'First Ancestor Fa'),(298,'Fish Out of Water'),(299,'Fix-It Felix Jr.'),(300,'Flaps the Vulture'),(301,'Flash Slothmore'),(302,'Flintheart Glomgold'),(303,'Flit'),(304,'Flora'),(305,'Flotsam and Jetsam'),(306,'Flounder'),(307,'Flower'),(308,'Flunkey the Baboon'),(309,'Flynn Rider'),(310,'Footman'),(311,'Forte the Pipe Organ'),(312,'Foxy Loxy'),(313,'Fran'),(314,'Francis'),(315,'Francois'),(316,'Frank'),(317,'Frankie the Frog'),(318,'Franny Robinson'),(319,'Fred'),(320,'Friar Tuck'),(321,'Friend Owl'),(322,'Frou-Frou'),(323,'Gadget Hackwrench'),(324,'Gaetan \"Mole\" Moliére'),(325,'Gaston'),(326,'Gazelle'),(327,'General Hologram'),(328,'General Li'),(329,'Genie'),(330,'George Darling'),(331,'Georges Hautecourt'),(332,'Georgette'),(333,'Geppetto'),(334,'Giddy the Elephant'),(335,'Gideon'),(336,'Giselle'),(337,'Gladstone Gander'),(338,'Gliss'),(339,'Glittering Goldie'),(340,'Gloyd Orangeboar'),(341,'Goob'),(342,'Goofy'),(343,'Goosey Loosey'),(344,'Gopher'),(345,'Gosalyn Mallard'),(346,'Governor John Ratcliffe'),(347,'Grace'),(348,'Gramma Tala'),(349,'Gramps'),(350,'Grand Councilwoman'),(351,'Grandma Duck'),(352,'Grandmother Fa'),(353,'Grandmother Willow'),(354,'Granny Rose'),(355,'Greasy the Weasel'),(356,'Great Prince of the Forest'),(357,'Grimsby'),(358,'Grumpy'),(359,'Gurgi'),(360,'Gus Goose'),(361,'Gus Lollygagger'),(362,'Gyro Gearloose'),(363,'Hades'),(364,'Hands'),(365,'Happy'),(366,'Harold the Seahorse'),(367,'Haroud Hazi Bin'),(368,'Harvey Fenner'),(369,'Headless Horseman'),(370,'Heihei the Rooster'),(371,'Helga Sinclair'),(372,'Hen Wen'),(373,'Henry Fenner'),(374,'Hera'),(375,'Herb Muddlefoot'),(376,'Hercules'),(377,'Hermes'),(378,'Hiram Flaversham'),(379,'Hit Cat the English Cat'),(380,'Honker Muddlefoot'),(381,'Hook Hand'),(382,'Hoonah'),(383,'Horace & Jasper'),(384,'Horace Horsecollar'),(385,'Huey'),(386,'Hugo'),(387,'Humbert the Huntsman'),(388,'Humphrey the Bear'),(389,'Hyacinth Hippo'),(390,'Iago'),(391,'Ian the Alligator'),(392,'Ichabod Crane'),(393,'Innoko'),(394,'Iridessa'),(395,'J. Audubon Woodlore'),(396,'J. Gander Hooter'),(397,'J. Thaddeus Toad'),(398,'J. Worthington Foulfellow'),(399,'Jack-in-the-Box'),(400,'Jackson \"Jaq\" Hopscotch'),(401,'Jafar'),(402,'Jake'),(403,'Jane'),(404,'Jane Porter'),(405,'Jeb the Goat'),(406,'Jennifer \"Jenny\" Foxworth'),(407,'Jenny Wren'),(408,'Jerry Jumbeaux Jr.'),(409,'Jesse the Ram'),(410,'Jessica Rabbit'),(411,'Jim Crow'),(412,'Jim Dear'),(413,'Jim Hawkins'),(414,'Jiminy Cricket'),(415,'Jobless Joe'),(416,'Jock'),(417,'Joe Giraffe'),(418,'Joey Hippo'),(419,'John Darling'),(420,'John Silver'),(421,'Johnny Appleseed'),(422,'José Carioca'),(423,'Jubileena Bing-Bing'),(424,'Judge Claude Frollo'),(425,'Judge Doom'),(426,'Judy Hopps'),(427,'June'),(428,'Junior'),(429,'Junior the Buffalo'),(430,'Kaa'),(431,'Kala'),(432,'Kanga'),(433,'Kata'),(434,'Katrina Van Tassel'),(435,'Kekata the Medicine man'),(436,'Kenai'),(437,'Kerchak'),(438,'Kiara'),(439,'King Candy/Turbo'),(440,'King Eiddileg'),(441,'King Hubert'),(442,'King Kashekim Nedakh'),(443,'King Leonidas'),(444,'King Louie'),(445,'King Richard'),(446,'King Roland II'),(447,'King Stefan'),(448,'King Triton'),(449,'Kirby'),(450,'Kit Cloudkicker'),(451,'Kocoum'),(452,'Koda'),(453,'Kovu'),(454,'Krebbs'),(455,'Kristoff'),(456,'Kron'),(457,'Kronk Pepikrankenitz'),(458,'Kuzco'),(459,'Lachesis'),(460,'Lady'),(461,'Lady DeBurne'),(462,'Lady Kluck'),(463,'Lady Mouse'),(464,'Lady Tremaine'),(465,'Lafayette the Basset Hound'),(466,'Lampwick'),(467,'Larry the Duck'),(468,'Launchpad McQuack'),(469,'Laverne'),(470,'Lawrence the Valet'),(471,'Le Fou'),(472,'Le Plufme'),(473,'Lefty'),(474,'Lewis'),(475,'Li Shang'),(476,'Lil Bad Wolf'),(477,'Lilo Pelekai'),(478,'Ling'),(479,'Liquidator !The Liquidator'),(480,'Little John'),(481,'Little Toot'),(482,'Lizzy'),(483,'Lizzy Griffths'),(484,'Louie'),(485,'Louie the Hot Dog Man'),(486,'Louis the Alligator'),(487,'Lucifer the Cat'),(488,'Lucille Krunklehorn'),(489,'Lucky'),(490,'Lucky Jack'),(491,'Ludwig Von Drake'),(492,'Luke'),(493,'Lumière'),(494,'Lumpy the Heffalump'),(495,'Lyle'),(496,'Ma Beagle'),(497,'Mad Hatter'),(498,'Madam Mim'),(499,'Madame Adelaide Bonfamille'),(500,'Madame Medusa'),(501,'Madame Upanova'),(502,'Madellaine'),(503,'Maggie'),(504,'Magic Carpet'),(505,'Magica De Spell'),(506,'Mahra the Baboon'),(507,'Maid Marian'),(508,'Major the Horse'),(509,'Maleficent'),(510,'Malina'),(511,'Mama Odie'),(512,'Man the Hunter'),(513,'Marahute'),(514,'March Hare'),(515,'Marie'),(516,'Markowski'),(517,'Marlon the Alligator'),(518,'Mary Darling'),(519,'Maui'),(520,'Maurice'),(521,'Max Goof'),(522,'Max Hare'),(523,'Max the Sheepdog'),(524,'Maximus'),(525,'May'),(526,'Mayor Lionheart'),(527,'Mechanicles'),(528,'Meeko'),(529,'Megabyte Beagle'),(530,'Megara'),(531,'Megavolt'),(532,'Melinda'),(533,'Melody'),(534,'Melpomene'),(535,'Melvin'),(536,'Mena'),(537,'Merlin'),(538,'Merlock the Magician'),(539,'Merryweather'),(540,'Michael Darling'),(541,'Mickey Mouse'),(542,'Mike the Microphone'),(543,'Mildred'),(544,'Milo Thatch'),(545,'Mindy'),(546,'Minnie Mouse'),(547,'Minty Zaki'),(548,'Mirage'),(549,'Miranda Wright'),(550,'Miss Bianca'),(551,'Miss Kitty'),(552,'Miss Nettle'),(553,'Mittens'),(554,'Moana Waialiki'),(555,'Moley'),(556,'Monsieur D\'Arque'),(557,'Monstro'),(558,'Monterey Jack'),(559,'Mooch'),(560,'Morcupine Porcupine'),(561,'Morgana'),(562,'Morgana McCawber'),(563,'Morph'),(564,'Mortimer Mouse'),(565,'Morty Fieldmouse'),(566,'Mother Gothel'),(567,'Mother Rabbit'),(568,'Mowgli'),(569,'Mozenrath'),(570,'Mr. Arrow'),(571,'Mr. Big'),(572,'Mr. Litwak'),(573,'Mr. Pettibone'),(574,'Mr. Smee'),(575,'Mr. Snoops'),(576,'Mr. Stork'),(577,'Mr. Willerstein'),(578,'Mr. Woolensworth'),(579,'Mrs. Calloway'),(580,'Mrs. Featherby'),(581,'Mrs. Hasagawa'),(582,'Mrs. Judson'),(583,'Mrs. Jumbo'),(584,'Mrs. Otterton'),(585,'Mrs. Possum'),(586,'Mrs. Potts'),(587,'Mrs. Quail'),(588,'Mufasa'),(589,'Mulan'),(590,'Mungo'),(591,'Mushu'),(592,'Myrtle Edmonds'),(593,'Nakoma'),(594,'Nala'),(595,'Nana'),(596,'Nancy Tremaine'),(597,'Nani Pelekai'),(598,'Nanny'),(599,'Napoleon the Bloodhound'),(600,'Nasira'),(601,'Nathaniel'),(602,'Natives'),(603,'Ned the Baboon'),(604,'Neera'),(605,'NegaDuck'),(606,'Nessus'),(607,'Nibs'),(608,'Nicholas \"Nick\" P. Wilde'),(609,'Nita'),(610,'Nuka'),(611,'Nurse Mouse'),(612,'Nutsy the Vulture'),(613,'Oaken'),(614,'Olaf'),(615,'Oliver'),(616,'Olivia Flaversham'),(617,'Ollie the Pig'),(618,'Onus'),(619,'Orddu'),(620,'Orgoch'),(621,'Orville'),(622,'Orwen'),(623,'Oswald the Lucky Rabbit'),(624,'Otto'),(625,'Owl'),(626,'Pacha'),(627,'Pain and Panic'),(628,'Panchito Pistoles'),(629,'Pascal'),(630,'Patch'),(631,'Pearl Gesner'),(632,'Peg'),(633,'Peg Pete'),(634,'Pegasus'),(635,'Penny'),(636,'Penny\'s Mom'),(637,'Pepper Ann Pearson'),(638,'Peppo the Italian Cat'),(639,'Percival C. McLeach'),(640,'Percy'),(641,'Perdita'),(642,'Periwinkle'),(643,'Pete'),(644,'Pete Junior'),(645,'Peter Pan'),(646,'Peter Pig'),(647,'Philippe the Horse'),(648,'Philoctetes'),(649,'Piglet'),(650,'Pinocchio'),(651,'Pip'),(652,'Pistol Pete'),(653,'Plio'),(654,'Pluto'),(655,'Pocahontas'),(656,'Poe De Spell'),(657,'Pom-Pom'),(658,'Pongo'),(659,'Powerline'),(660,'Practical Pig'),(661,'Preston B. Whitmore'),(662,'Prince'),(663,'Prince Charming'),(664,'Prince Edward'),(665,'Prince Eric'),(666,'Prince Hans'),(667,'Prince James'),(668,'Prince John'),(669,'Prince Naveen'),(670,'Prince Phillip'),(671,'Princess'),(672,'Princess Amber'),(673,'Princess Eilonwy'),(674,'Princess Jasmine'),(675,'Princess Kidagakash'),(676,'Princess Sofia'),(677,'Principal Mazur'),(678,'Prissy the Elephant'),(679,'Professor Norton Nimnul'),(680,'Professor Ratigan'),(681,'Pronk Oryx-Antlerson'),(682,'Prudence'),(683,'Psycho the Weasel'),(684,'Pua'),(685,'Pumbaa'),(686,'Quackerjack'),(687,'Quasimodo'),(688,'Queen'),(689,'Queen Athena'),(690,'Queen Clarion'),(691,'Queen Grimhilde'),(692,'Queen Leah'),(693,'Queen Miranda'),(694,'Queen Mousetoria'),(695,'Queen Narissa'),(696,'Quint'),(697,'Rabbit'),(698,'Rachel'),(699,'Rafiki'),(700,'Rajah'),(701,'Rancis Fluggerbutter'),(702,'Rapunzel'),(703,'Ratty'),(704,'Ray the Firefly'),(705,'Razoul'),(706,'Red'),(707,'Rhino'),(708,'Rhoda Dendron'),(709,'Rico'),(710,'Rita'),(711,'Robert \"Bobby\" Zimmeruski'),(712,'Robin Hood'),(713,'Roger Rabbit'),(714,'Roger Radcliffe'),(715,'Rolly'),(716,'Ronno'),(717,'Roo'),(718,'Roquefort the Mouse'),(719,'Roscoe'),(720,'Rosetta'),(721,'Roxanne'),(722,'Ruby'),(723,'Rufus'),(724,'Runt of the Litter'),(725,'Rusty the Dog'),(726,'Rutt and Tuke'),(727,'Sa\'luk'),(728,'Sadira'),(729,'Sam Flynn'),(730,'Sam the Sheriff'),(731,'Sarabi'),(732,'Sarafina'),(733,'Sarah Hawkins'),(734,'Sarousch'),(735,'Scamp'),(736,'Scar'),(737,'Scat Cat'),(738,'Scratchy'),(739,'Scrooge McDuck'),(740,'Scroop'),(741,'Scuttle'),(742,'Sebastian'),(743,'Secretary Bird'),(744,'Sergeant Calhoun'),(745,'Sgt. Tibbs'),(746,'Sha-ron'),(747,'Shan Yu'),(748,'Shanti (The Girl)'),(749,'Shenzi'),(750,'Shere Khan'),(751,'Sheriff of Nottingham'),(752,'Shun Gon the Chinese Cat'),(753,'Si & Am'),(754,'Silvermist'),(755,'Simba'),(756,'Sir Ector'),(757,'Sir Giles'),(758,'Sir Hiss'),(759,'Sir Kay'),(760,'Sir Pellinore'),(761,'Sis Bunny'),(762,'Sitka'),(763,'Skippy Bunny'),(764,'Sleepy'),(765,'Slightly'),(766,'Smarty the Weasel'),(767,'Smolder the Bear'),(768,'Sneezy'),(769,'Snow White'),(770,'Snowanna Rainbeau'),(771,'Sour Bill'),(772,'Sparky'),(773,'Speedy the Snail'),(774,'Spot'),(775,'Spring Sprite'),(776,'Squeaks the Caterpillar'),(777,'Stabbington Brothers'),(778,'Steelbeak'),(779,'Stitch'),(780,'Stromboli'),(781,'Stu Hopps'),(782,'Stupid the Weasel'),(783,'Sultan the Footstool'),(784,'Suri'),(785,'Sven'),(786,'Swizzle \"The Swizz\" Malarkey'),(787,'Sykes'),(788,'Sylvia Marpole'),(789,'Tadashi Hamada'),(790,'Taffyta Muttonfudge'),(791,'Tagalong Bunny'),(792,'Tamatoa'),(793,'Tanana'),(794,'Tank'),(795,'Tank Muddlefoot'),(796,'Tantor'),(797,'Taran'),(798,'Tarzan'),(799,'Taurus Bulba'),(800,'Ted Betterhead'),(801,'Terence'),(802,'Terk'),(803,'Terpsichore'),(804,'Thalia'),(805,'The Agent'),(806,'The Archdeacon'),(807,'The Captain'),(808,'The Carpenter'),(809,'The Caterpillar'),(810,'The Coachman'),(811,'The Colonel'),(812,'The Crocodile (Tick Tock)'),(813,'The Director'),(814,'The Dodo'),(815,'The Dog Catcher'),(816,'The Doorknob'),(817,'The Doorman'),(818,'The Dormouse'),(819,'The Enchantress'),(820,'The Grand Duke'),(821,'The Groundhog'),(822,'The Horned King'),(823,'The Indian Chief'),(824,'The King'),(825,'The King of Hearts'),(826,'The Magic Mirror'),(827,'The Matchmaker'),(828,'The Octopus'),(829,'The Phantom Blot'),(830,'The Queen of Hearts'),(831,'The Ringmaster'),(832,'The Rose'),(833,'The Sultan'),(834,'The Walrus'),(835,'Thomas'),(836,'Thomas O\'Malley'),(837,'Thug'),(838,'Thumper'),(839,'Thumper\'s Mother'),(840,'Tiana'),(841,'Tiger Lily'),(842,'Tigger'),(843,'Tillie Tiger'),(844,'Timon'),(845,'Timon\'s Mother'),(846,'Timothy Q. Mouse'),(847,'Tina'),(848,'Tinker Bell'),(849,'Tino Tonitini'),(850,'Tiny'),(851,'Tip'),(852,'Tipo'),(853,'Tito'),(854,'Tobias the Reluctant Dragon'),(857,'Toby the Dog'),(855,'Toby Tortoise'),(856,'Toby Turtle'),(858,'Tod'),(859,'Tootles'),(860,'Toots'),(861,'Toulouse'),(862,'Tramp'),(863,'Trigger the Vulture'),(864,'Trusty'),(865,'Tug'),(866,'Tui Waialiki'),(867,'Turkey Lurkey'),(868,'Tuskernini'),(869,'Tweedledum and Tweedledee'),(870,'Two Fingers'),(871,'Uncle Art'),(872,'Uncle Max'),(873,'Uncle Waldo'),(874,'Url'),(875,'Ursula'),(876,'Vanellope von Schweetz'),(877,'Vanessa (The Little Mermaid)'),(878,'Veteran Cat'),(879,'Victor'),(880,'Vidia'),(881,'Vincenzo \"Vinny\" Santorini'),(882,'Vitani'),(883,'Vixey'),(884,'Vladimir Goudenov Grizzlikof'),(885,'Vulture Police'),(886,'Waffles'),(887,'Webby Vanderquack'),(888,'Webster'),(889,'Wendy Darling'),(890,'Wesley'),(891,'Wheezy the Weasel'),(892,'White Rabbit'),(893,'Widow Tweed'),(894,'Wiggins'),(895,'Wilbur'),(896,'Wilbur Robinson'),(897,'Wilhelmina Packard'),(898,'Willie the Giant'),(899,'Winifred the Elephant'),(900,'Winkie the Barman'),(901,'Winnie the Pooh'),(902,'Winston'),(903,'Witherspoon'),(904,'Woolter the Ram'),(905,'Wormwood the Raven'),(906,'Wreck-It Ralph'),(907,'Wynchel'),(908,'Xerxes'),(909,'Yao'),(910,'Yar'),(911,'Yax'),(912,'Yen Sid'),(913,'Yo-Yo'),(914,'Yzma'),(915,'Zarina'),(916,'Zazu'),(917,'Zephyr'),(918,'Zeus'),(919,'Ziggy the Vulture'),(920,'Zini'),(921,'Zipper'),(922,'Zira');
/*!40000 ALTER TABLE `movie_character` ENABLE KEYS */;
UNLOCK TABLES;
/*!40103 SET TIME_ZONE=@OLD_TIME_ZONE */;

/*!40101 SET SQL_MODE=@OLD_SQL_MODE */;
/*!40014 SET FOREIGN_KEY_CHECKS=@OLD_FOREIGN_KEY_CHECKS */;
/*!40014 SET UNIQUE_CHECKS=@OLD_UNIQUE_CHECKS */;
/*!40101 SET CHARACTER_SET_CLIENT=@OLD_CHARACTER_SET_CLIENT */;
/*!40101 SET CHARACTER_SET_RESULTS=@OLD_CHARACTER_SET_RESULTS */;
/*!40101 SET COLLATION_CONNECTION=@OLD_COLLATION_CONNECTION */;
/*!40111 SET SQL_NOTES=@OLD_SQL_NOTES */;

-- Dump completed on 2019-01-09 15:41:09
